filename,object_location,image_small,image_thumb
2002_3_1.jpg,/objects/2002_3_1.jpg,/objects/small/2002_3_1_sm.jpg,/objects/thumbs/2002_3_1_th.jpg
2002_3_10.jpg,/objects/2002_3_10.jpg,/objects/small/2002_3_10_sm.jpg,/objects/thumbs/2002_3_10_th.jpg
2002_3_11.jpg,/objects/2002_3_11.jpg,/objects/small/2002_3_11_sm.jpg,/objects/thumbs/2002_3_11_th.jpg
2002_3_18.jpg,/objects/2002_3_18.jpg,/objects/small/2002_3_18_sm.jpg,/objects/thumbs/2002_3_18_th.jpg
2002_3_19.jpg,/objects/2002_3_19.jpg,/objects/small/2002_3_19_sm.jpg,/objects/thumbs/2002_3_19_th.jpg
2002_3_20.jpg,/objects/2002_3_20.jpg,/objects/small/2002_3_20_sm.jpg,/objects/thumbs/2002_3_20_th.jpg
2002_3_22.jpg,/objects/2002_3_22.jpg,/objects/small/2002_3_22_sm.jpg,/objects/thumbs/2002_3_22_th.jpg
2002_3_23.jpg,/objects/2002_3_23.jpg,/objects/small/2002_3_23_sm.jpg,/objects/thumbs/2002_3_23_th.jpg
2002_3_24.jpg,/objects/2002_3_24.jpg,/objects/small/2002_3_24_sm.jpg,/objects/thumbs/2002_3_24_th.jpg
2002_3_25.jpg,/objects/2002_3_25.jpg,/objects/small/2002_3_25_sm.jpg,/objects/thumbs/2002_3_25_th.jpg
2002_3_26.jpg,/objects/2002_3_26.jpg,/objects/small/2002_3_26_sm.jpg,/objects/thumbs/2002_3_26_th.jpg
2002_3_27.jpg,/objects/2002_3_27.jpg,/objects/small/2002_3_27_sm.jpg,/objects/thumbs/2002_3_27_th.jpg
2002_3_28.jpg,/objects/2002_3_28.jpg,/objects/small/2002_3_28_sm.jpg,/objects/thumbs/2002_3_28_th.jpg
2002_3_29.jpg,/objects/2002_3_29.jpg,/objects/small/2002_3_29_sm.jpg,/objects/thumbs/2002_3_29_th.jpg
2002_3_3.jpg,/objects/2002_3_3.jpg,/objects/small/2002_3_3_sm.jpg,/objects/thumbs/2002_3_3_th.jpg
2002_3_30.jpg,/objects/2002_3_30.jpg,/objects/small/2002_3_30_sm.jpg,/objects/thumbs/2002_3_30_th.jpg
2002_3_31.jpg,/objects/2002_3_31.jpg,/objects/small/2002_3_31_sm.jpg,/objects/thumbs/2002_3_31_th.jpg
2002_3_32.jpg,/objects/2002_3_32.jpg,/objects/small/2002_3_32_sm.jpg,/objects/thumbs/2002_3_32_th.jpg
2002_3_33.jpg,/objects/2002_3_33.jpg,/objects/small/2002_3_33_sm.jpg,/objects/thumbs/2002_3_33_th.jpg
2002_3_35.jpg,/objects/2002_3_35.jpg,/objects/small/2002_3_35_sm.jpg,/objects/thumbs/2002_3_35_th.jpg
2002_3_36.jpg,/objects/2002_3_36.jpg,/objects/small/2002_3_36_sm.jpg,/objects/thumbs/2002_3_36_th.jpg
2002_3_37.jpg,/objects/2002_3_37.jpg,/objects/small/2002_3_37_sm.jpg,/objects/thumbs/2002_3_37_th.jpg
2002_3_38.jpg,/objects/2002_3_38.jpg,/objects/small/2002_3_38_sm.jpg,/objects/thumbs/2002_3_38_th.jpg
2002_3_39.jpg,/objects/2002_3_39.jpg,/objects/small/2002_3_39_sm.jpg,/objects/thumbs/2002_3_39_th.jpg
2002_3_4.jpg,/objects/2002_3_4.jpg,/objects/small/2002_3_4_sm.jpg,/objects/thumbs/2002_3_4_th.jpg
2002_3_40.jpg,/objects/2002_3_40.jpg,/objects/small/2002_3_40_sm.jpg,/objects/thumbs/2002_3_40_th.jpg
2002_3_5.jpg,/objects/2002_3_5.jpg,/objects/small/2002_3_5_sm.jpg,/objects/thumbs/2002_3_5_th.jpg
2002_3_6.jpg,/objects/2002_3_6.jpg,/objects/small/2002_3_6_sm.jpg,/objects/thumbs/2002_3_6_th.jpg
2002_3_7.jpg,/objects/2002_3_7.jpg,/objects/small/2002_3_7_sm.jpg,/objects/thumbs/2002_3_7_th.jpg
2002_3_8.jpg,/objects/2002_3_8.jpg,/objects/small/2002_3_8_sm.jpg,/objects/thumbs/2002_3_8_th.jpg
2002_3_9.jpg,/objects/2002_3_9.jpg,/objects/small/2002_3_9_sm.jpg,/objects/thumbs/2002_3_9_th.jpg
filelist.csv,/objects/filelist.csv,,
filelist.txt,/objects/filelist.txt,,
